locked_at_et,game,player,prop,line,pick,odds,v03_projection,v03_probability,v03_edge,v05_pick,v05_projection,v05_probability,raw_status
2026-10-04 19:52,DET@CAR,Tetairoa McMillan,Receiving Yards,71.5,UNDER,-113,47.148053,0.875854,0.375854,UNDER,44.148267,0.884246,BET
2026-10-04 19:52,DET@CAR,Brycen Tremayne,Receiving Yards,33.5,UNDER,-113,16.493327,0.830262,0.330262,UNDER,14.321017,0.837097,BET
2026-10-04 19:52,DET@CAR,Jahmyr Gibbs,Rushing Yards,95.5,UNDER,-113,81.189424,0.782217,0.282217,UNDER,78.977390,0.782656,BET
2026-10-04 19:52,DET@CAR,Chuba Hubbard,Rushing Yards,64.5,UNDER,-113,52.545260,0.762239,0.262239,UNDER,51.320043,0.758946,BET
2026-10-04 19:52,DET@CAR,Jameson Williams,Receiving Yards,50.5,UNDER,-113,46.620966,0.693486,0.193486,UNDER,44.006271,0.724025,BET
2026-10-04 19:52,DET@CAR,Chuba Hubbard,Receiving Yards,18.5,UNDER,-113,16.824532,0.650056,0.150056,UNDER,15.744938,0.669608,BET
2026-10-04 19:52,DET@CAR,John Metchie III,Receiving Yards,17.5,OVER,-113,24.018502,0.599360,0.099360,OVER,22.787846,0.567264,BET
2026-10-04 19:52,DET@CAR,AJ Dillon,Rushing Yards,11.5,UNDER,-113,11.574525,0.596268,0.096268,UNDER,13.489409,0.519868,BET
2026-10-04 19:52,DET@CAR,Isaac TeSlaa,Receiving Yards,18.5,OVER,-113,24.889307,0.595294,0.095294,UNDER,21.896420,0.506186,BET
