player,market,line,over_odds,under_odds,status,reason
Blake Whiteheart,Receptions,0.5,-114,-114,UNMODELED,"No receptions model"
Raheim Sanders,Receptions,1.5,-200,148,UNMODELED,"No receptions model"
Jerry Jeudy,Receptions,1.5,114,-152,UNMODELED,"No receptions model"
Darnell Washington,Receptions,1.5,-168,126,UNMODELED,"No receptions model"
Germie Bernard,Receptions,1.5,172,-235,UNMODELED,"No receptions model"
Jaylen Warren,Receptions,3.5,-108,-122,UNMODELED,"No receptions model"
KC Concepcion,Receptions,3.5,-158,118,UNMODELED,"No receptions model"
Quinshon Judkins,Receptions,2.5,140,-188,UNMODELED,"No receptions model"
Denzel Boston,Receptions,2.5,-158,118,UNMODELED,"No receptions model"
DK Metcalf,Receptions,3.5,-144,108,UNMODELED,"No receptions model"
Roman Wilson,Receptions,2.5,134,-180,UNMODELED,"No receptions model"
Pat Freiermuth,Receptions,3.5,124,-166,UNMODELED,"No receptions model"
Michael Pittman Jr.,Receptions,3.5,106,-140,UNMODELED,"No receptions model"
Harold Fannin Jr.,Receptions,4.5,-106,-125,UNMODELED,"No receptions model"
KC Concepcion,Rushing Yards,0.5,-120,-106,UNMODELED,"Current rushing models cover QB and RB/FB, not WR rushing"
Blake Whiteheart,Receiving Yards,3.5,114,-146,UNMODELED,"Frozen receiving-yards model excludes TE"
Darnell Washington,Receiving Yards,15.5,-113,-113,UNMODELED,"Frozen receiving-yards model excludes TE"
Pat Freiermuth,Receiving Yards,27.5,-113,-113,UNMODELED,"Frozen receiving-yards model excludes TE"
Harold Fannin Jr.,Receiving Yards,40.5,-113,-113,UNMODELED,"Frozen receiving-yards model excludes TE"
Michael Pittman Jr.,Receiving Yards,33.5,-113,-113,UNRESOLVED,"Player/team name did not resolve in current nflverse history snapshot; no fabricated projection"
