player,prop,line,v03_point,v03_pick,v03_probability,v03_edge,v03_status,v05_point,v05_pick,v05_probability,v05_edge,v05_status
Jalen Hurts,qb_pass_yds,218.5,231.200144,OVER,0.529129,0.029129,PASS,232.201247,OVER,0.540887,0.040887,PASS
Case Keenum,qb_pass_yds,167.5,136.248991,UNDER,0.670230,0.170230,BET,137.960053,UNDER,0.650454,0.150454,BET
Jalen Hurts,qb_pass_tds,1.5,1.474720,UNDER,0.566322,-0.035443,PASS,,,,,
Case Keenum,qb_pass_tds,0.5,0.474529,UNDER,0.622178,0.280777,BET,,,,,
Case Keenum,qb_rush_yds,2.5,4.129138,UNDER,0.528060,0.004201,PASS,,,,,
Jalen Hurts,qb_rush_yds,24.5,26.543501,UNDER,0.507750,0.007750,PASS,,,,,
Tank Bigsby,rb_rush_yds,12.5,37.897463,OVER,0.889352,0.389352,BET,34.001094,OVER,0.876400,0.376400,BET
Kyle Monangai,rb_rush_yds,38.5,42.361315,OVER,0.509769,0.009769,PASS,39.686274,UNDER,0.550165,0.050165,PASS
Saquon Barkley,rb_rush_yds,72.5,53.589148,UNDER,0.814050,0.314050,BET,49.918546,UNDER,0.828321,0.328321,BET
D'Andre Swift,rb_rush_yds,60.5,59.012188,UNDER,0.632492,0.132492,BET,57.723694,UNDER,0.648299,0.148299,BET
Makai Lemon,rec_yds,26.5,14.251215,UNDER,0.787698,0.287698,BET,15.511488,UNDER,0.771347,0.271347,BET
Dontayvion Wicks,rec_yds,41.5,34.306174,UNDER,0.738732,0.238732,BET,31.942702,UNDER,0.757072,0.257072,BET
Kalif Raymond,rec_yds,22.5,33.661932,OVER,0.715373,0.215373,BET,32.122356,OVER,0.702396,0.202396,BET
Saquon Barkley,rec_yds,12.5,7.418465,UNDER,0.711740,0.211740,BET,10.007431,UNDER,0.665109,0.165109,BET
Luther Burden III,rec_yds,35.5,47.638010,OVER,0.735012,0.235012,BET,47.391530,OVER,0.754217,0.254217,BET
Rome Odunze,rec_yds,24.5,40.724158,OVER,0.808634,0.308634,BET,38.149082,OVER,0.788909,0.288909,BET
Kyle Monangai,rec_yds,8.5,11.546933,UNDER,0.509992,0.009992,PASS,11.614947,UNDER,0.517259,0.017259,PASS
Darius Cooper,rec_yds,5.5,17.430058,OVER,0.730080,0.296805,BET,16.653029,OVER,0.738559,0.305283,BET
D'Andre Swift,rec_yds,13.5,17.458304,OVER,0.521239,0.021239,PASS,16.057628,UNDER,0.540445,0.040445,PASS
DeVonta Smith,rec_yds,70.5,58.580946,UNDER,0.785535,0.285535,BET,59.986386,UNDER,0.766416,0.266416,BET
Jalyx Hunt,sack_yes,0.5,0.378622,YES,0.378622,-0.075923,PASS,,,,,
Jalen Carter,sack_yes,0.5,0.317154,YES,0.317154,-0.092682,PASS,,,,,
Montez Sweat,sack_yes,0.5,0.444717,YES,0.444717,0.090107,PASS,,,,,
Moro Ojomo,sack_yes,0.5,0.224371,YES,0.224371,-0.083322,PASS,,,,,
Dayo Odeyingbo,sack_yes,0.5,0.260228,YES,0.260228,-0.047464,PASS,,,,,
Zack Baun,sack_yes,0.5,0.099163,YES,0.099163,-0.171107,PASS,,,,,
Jordan Davis,sack_yes,0.5,0.129690,YES,0.129690,-0.114212,PASS,,,,,
Grady Jarrett,sack_yes,0.5,0.275163,YES,0.275163,0.057772,PASS,,,,,
Jordan van den Berg,sack_yes,0.5,0.087636,YES,0.087636,-0.073654,PASS,,,,,
Nolan Smith Jr.,sack_yes,0.5,,,,,UNRESOLVED,,,,,
