player,prop,line,odds,raw_model_signal,final_decision,reason
Jalen Hurts,Passing Yards,218.5,-113,"v0.3 OVER 52.9%; v0.5 OVER 54.1%",PASS,"Both models below frozen 57% probability floor"
Case Keenum,Passing Yards,167.5,-113,"v0.3 UNDER 67.0%; v0.5 UNDER 65.0%",PASS,"Context gate: expected starter has not thrown a regular-season pass since 2023; stale-player-state uncertainty is too large to promote the raw signal"
Jalen Hurts,Passing TDs,1.5,+136/-178,"v0.3 UNDER 56.6%; edge -3.5%",PASS,"Below frozen probability floor and price edge is negative"
Case Keenum,Passing TDs,0.5,-235/+175,"v0.3 UNDER 62.2%; +28.1% price edge",PASS,"Context gate: first expected regular-season start since 2023; no recent live sample for this count model"
Case Keenum,Rushing Yards,2.5,-102/-125,"v0.3 UNDER 52.8%",PASS,"Below frozen probability floor"
Jalen Hurts,Rushing Yards,24.5,-113,"v0.3 UNDER 50.8%",PASS,"Below frozen probability floor"
Tank Bigsby,Rushing Yards,12.5,-113,"v0.3 OVER 88.9%; v0.5 OVER 87.6%",PASS,"Role-reversion gate: Week 2 workload was elevated after Saquon Barkley's stinger; Barkley is now fully available, making backup carry share unusually uncertain"
Kyle Monangai,Rushing Yards,38.5,-113,"v0.3 OVER 51.0%; v0.5 UNDER 55.0%",PASS,"Official below floor and models disagree on side"
Saquon Barkley,Rushing Yards,72.5,-113,"v0.3 UNDER 81.4%; v0.5 UNDER 82.8%",PASS,"Injury-sample gate: Week 2 was limited to four carries after a stinger; Barkley is now fully available, so the frozen rolling projection may over-weight the injury game"
D'Andre Swift,Rushing Yards,60.5,-113,"v0.3 UNDER 63.2%; v0.5 UNDER 64.8%",PASS,"QB-change/game-plan gate with Case Keenum expected to start; projections are also close to the line"
Makai Lemon,Receiving Yards,26.5,-113,"v0.3 UNDER 78.8%; v0.5 UNDER 77.1%",PASS,"Target-vacancy gate: Hollywood Brown and Dallas Goedert are out, increasing concentration/reallocation risk against an Eagles receiver UNDER"
Dontayvion Wicks,Receiving Yards,41.5,-113,"v0.3 UNDER 73.9%; v0.5 UNDER 75.7%",PASS,"Target-vacancy gate: Hollywood Brown and Dallas Goedert are out, increasing concentration/reallocation risk against an Eagles receiver UNDER"
Kalif Raymond,Receiving Yards,22.5,-113,"v0.3 OVER 71.5%; v0.5 OVER 70.2%",PASS,"QB-change gate: Case Keenum is expected to start, making Bears receiver-volume projections unreliable"
Saquon Barkley,Receiving Yards,12.5,-113,"v0.3 UNDER 71.2%; v0.5 UNDER 66.5%",PASS,"Role/target-vacancy uncertainty after the stinger plus Dallas Goedert and Hollywood Brown being out"
Luther Burden III,Receiving Yards,35.5,-113,"v0.3 OVER 73.5%; v0.5 OVER 75.4%",PASS,"QB-change gate: Case Keenum is expected to start, making Bears receiver-volume projections unreliable"
Rome Odunze,Receiving Yards,24.5,-113,"v0.3 OVER 80.9%; v0.5 OVER 78.9%",PASS,"QB-change gate: Case Keenum is expected to start, making Bears receiver-volume projections unreliable"
Kyle Monangai,Receiving Yards,8.5,-113,"v0.3 UNDER 51.0%; v0.5 UNDER 51.7%",PASS,"Both models below frozen probability floor"
D'Andre Swift,Receiving Yards,13.5,-113,"v0.3 OVER 52.1%; v0.5 UNDER 54.0%",PASS,"Both models below floor and disagree on side"
DeVonta Smith,Receiving Yards,70.5,-113,"v0.3 UNDER 78.6%; v0.5 UNDER 76.6%",PASS,"Target-vacancy gate: Hollywood Brown and Dallas Goedert are out, creating added target-concentration risk against the UNDER"
Jalyx Hunt,1+ Sack,0.5,+120,"v0.3 YES 37.9%",PASS,"Below frozen 57% probability floor"
Jalen Carter,1+ Sack,0.5,+144,"v0.3 YES 31.7%",PASS,"Below frozen 57% probability floor"
Montez Sweat,1+ Sack,0.5,+182,"v0.3 YES 44.5%; price edge +9.0%",PASS,"Probability below frozen 57% floor despite positive price edge"
Moro Ojomo,1+ Sack,0.5,+225,"v0.3 YES 22.4%",PASS,"Below frozen 57% probability floor"
Dayo Odeyingbo,1+ Sack,0.5,+225,"v0.3 YES 26.0%",PASS,"Below frozen 57% probability floor"
Zack Baun,1+ Sack,0.5,+270,"v0.3 YES 9.9%",PASS,"Below frozen 57% probability floor"
Jordan Davis,1+ Sack,0.5,+310,"v0.3 YES 13.0%",PASS,"Below frozen 57% probability floor"
Grady Jarrett,1+ Sack,0.5,+360,"v0.3 YES 27.5%; price edge +5.8%",PASS,"Probability below frozen 57% floor despite positive price edge"
Jordan van den Berg,1+ Sack,0.5,+520,"v0.3 YES 8.8%",PASS,"Below frozen 57% probability floor"
Nolan Smith Jr.,1+ Sack,0.5,+124,"unresolved name crosswalk in nflverse player-history snapshot",PASS,"No fabricated probability; sportsbook name did not match the frozen model history key"
