locked_at_et,game,player,prop,line,pick,odds,v03_projection,v03_probability,v03_edge,v05_projection,v05_probability,raw_status
2026-10-01 18:22,PIT@CLE,Germie Bernard,Receiving Yards,8.5,OVER,-104,27.132786,0.840903,0.359663,26.163215,0.852150,BET
2026-10-01 18:22,PIT@CLE,Jerry Jeudy,Receiving Yards,14.5,OVER,-113,31.232199,0.815901,0.315901,27.782435,0.782507,BET
2026-10-01 18:22,PIT@CLE,Jaylen Warren,Rushing Yards,75.5,UNDER,-113,68.246989,0.720746,0.220746,65.865668,0.725576,BET
2026-10-01 18:22,PIT@CLE,Jaylen Warren,Receiving Yards,25.5,UNDER,-113,22.582591,0.677740,0.177740,21.212184,0.693140,BET
2026-10-01 18:22,PIT@CLE,Quinshon Judkins,Rushing Yards,56.5,UNDER,-113,52.875786,0.672448,0.172448,50.931661,0.684742,BET
2026-10-01 18:22,PIT@CLE,Raheim Sanders,Rushing Yards,5.5,OVER,-113,15.257686,0.667618,0.167618,14.415367,0.691548,BET
2026-10-01 18:22,PIT@CLE,Denzel Boston,Receiving Yards,37.5,OVER,-113,46.598264,0.665888,0.165888,43.208019,0.583528,BET
2026-10-01 18:22,PIT@CLE,Roman Wilson,Receiving Yards,20.5,OVER,-113,29.404894,0.659400,0.159400,27.766383,0.636820,BET
2026-10-01 18:22,PIT@CLE,Travis Homer,Rushing Yards,6.5,UNDER,-113,4.478978,0.641932,0.141932,4.134602,0.643249,BET
2026-10-01 18:22,PIT@CLE,KC Concepcion,Receiving Yards,35.5,OVER,-113,41.893853,0.595380,0.095380,41.296618,0.586815,BET
2026-10-01 18:22,PIT@CLE,Quinshon Judkins,Receiving Yards,11.5,OVER,-113,17.541935,0.585604,0.085604,17.712483,0.603858,BET
