locked_at_et,rank,game,player,prop,line,pick,odds,v03_projection,v03_probability,v05_pick,v05_projection,v05_probability,tracking_status
2026-10-04 19:52,1,DET@CAR,Tetairoa McMillan,Receiving Yards,71.5,UNDER,-113,47.148053,0.875854,UNDER,44.148267,0.884246,TRACK
2026-10-04 19:52,2,DET@CAR,Brycen Tremayne,Receiving Yards,33.5,UNDER,-113,16.493327,0.830262,UNDER,14.321017,0.837097,TRACK
2026-10-04 19:52,3,DET@CAR,Jahmyr Gibbs,Rushing Yards,95.5,UNDER,-113,81.189424,0.782217,UNDER,78.977390,0.782656,TRACK
2026-10-04 19:52,4,DET@CAR,Chuba Hubbard,Rushing Yards,64.5,UNDER,-113,52.545260,0.762239,UNDER,51.320043,0.758946,TRACK
2026-10-04 19:52,5,DET@CAR,Jameson Williams,Receiving Yards,50.5,UNDER,-113,46.620966,0.693486,UNDER,44.006271,0.724025,TRACK
2026-10-04 19:52,6,DET@CAR,Chuba Hubbard,Receiving Yards,18.5,UNDER,-113,16.824532,0.650056,UNDER,15.744938,0.669608,TRACK
2026-10-04 19:52,7,DET@CAR,John Metchie III,Receiving Yards,17.5,OVER,-113,24.018502,0.599360,OVER,22.787846,0.567264,TRACK
2026-10-04 19:52,8,DET@CAR,AJ Dillon,Rushing Yards,11.5,UNDER,-113,11.574525,0.596268,UNDER,13.489409,0.519868,TRACK
2026-10-04 19:52,9,DET@CAR,Isaac TeSlaa,Receiving Yards,18.5,OVER,-113,24.889307,0.595294,UNDER,21.896420,0.506186,TRACK
2026-10-04 19:52,10,DET@CAR,Aidan Hutchinson,1+ Sack,0.5,YES,-205,0.573590,0.573590,,,,TRACK
