locked_at_et,game,market,line_or_price,shadow_pick,model_probability,status
2026-09-27 12:20,KC@MIA,Spread,MIA +9.5,MIA +9.5,0.798,SHADOW
2026-09-27 12:20,CAR@CLE,Moneyline,CAR -126,CAR,0.771,SHADOW
2026-09-27 12:20,TEN@NYG,Spread,NYG -2.5,NYG -2.5,0.662,SHADOW
2026-09-27 12:20,TEN@NYG,Moneyline,NYG -142,NYG,0.899,SHADOW
2026-09-27 12:20,LAC@BUF,Moneyline,BUF -370,BUF,0.931,SHADOW
2026-09-27 12:20,NYJ@DET,Spread,DET -6.5,DET -6.5,0.654,SHADOW
2026-09-27 12:20,HOU@IND,Moneyline,HOU -126,HOU,0.934,SHADOW
2026-09-27 12:20,SEA@WAS,Spread,WAS +8.5,WAS +8.5,0.680,SHADOW
2026-09-27 12:20,CIN@PIT,Spread,CIN +3.5,CIN +3.5,0.706,SHADOW
2026-09-27 12:20,ARI@SF,Spread,SF -7.5,SF -7.5,0.662,SHADOW
2026-09-27 12:20,ARI@SF,Moneyline,SF -420,SF,0.977,SHADOW
2026-09-27 12:20,BAL@DAL,Moneyline,BAL -176,BAL,0.834,SHADOW
2026-09-27 12:20,LAR@DEN,Moneyline,LAR -126,LAR,0.875,SHADOW
