season,week,home_team,away_team,home_spread,home_spread_odds,away_spread_odds,home_ml,away_ml,total_line,over_odds,under_odds
2026,3,MIA,KC,9.5,-102,-120,460,-620,45.5,-105,-115
2026,3,CLE,CAR,2.5,-115,-105,108,-126,41.5,-115,-105
2026,3,NYG,TEN,-2.5,-115,-105,-142,120,37.5,-112,-108
2026,3,JAX,NE,-2.5,-122,100,-158,136,45.5,-120,-102
2026,3,BUF,LAC,-7.5,100,-122,-370,295,50.5,-105,-115
2026,3,DET,NYJ,-6.5,-118,-104,-320,260,48.5,-112,-108
2026,3,IND,HOU,1.5,-108,-112,108,-126,42.5,-110,-110
2026,3,WAS,SEA,8.5,-115,-105,330,-420,40.5,-105,-115
2026,3,PIT,CIN,-3.5,100,-122,-176,148,42.5,-115,-105
2026,3,SF,ARI,-7.5,-110,-110,-420,330,47.5,-120,-102
2026,3,TB,MIN,1.5,-118,-104,100,-118,42.5,-115,-105
2026,3,NO,LV,-3.0,-120,-102,-178,150,43.5,-115,-105
2026,3,DAL,BAL,3.5,-120,-102,148,-176,52.5,-114,-106
2026,3,DEN,LAR,2.5,-118,-104,108,-126,44.5,-105,-115
