player_display_name,team,prop,line,over_odds,under_odds,yes_odds,season,week,opponent,model_point,pick,model_probability,probability_edge_vs_price,status,algorithm,feature_set
Bryce Young,CAR,qb_pass_yds,243.5,-113.0,-113.0,,2026,4,DET,240.82715935703274,UNDER,0.5414216996258685,0.0414216996258685,PASS,random_forest,pregame
Jared Goff,DET,qb_pass_yds,257.5,-113.0,-113.0,,2026,4,CAR,263.9458395779849,OVER,0.501336183858899,0.0013361838588989983,PASS,random_forest,pregame
Jared Goff,DET,qb_pass_tds,1.5,-210.0,158.0,,2026,4,CAR,2.0506550037000957,OVER,0.6075313748294358,-0.02853342911515211,PASS,poisson_glm,pregame
Bryce Young,CAR,qb_pass_tds,1.5,-128.0,-102.0,,2026,4,DET,1.5674273824617284,UNDER,0.5355168073000689,0.061986916438365014,PASS,poisson_glm,pregame
Jahmyr Gibbs,DET,rb_rush_yds,95.5,-113.0,-113.0,,2026,4,CAR,81.1894244202154,UNDER,0.7822173435784852,0.28221734357848516,BET,elastic_net,baseline
Chuba Hubbard,CAR,rb_rush_yds,64.5,-113.0,-113.0,,2026,4,DET,52.54526042265377,UNDER,0.7622392974753018,0.26223929747530184,BET,elastic_net,baseline
Jared Goff,DET,qb_rush_yds,1.5,-113.0,-113.0,,2026,4,CAR,5.36948263833248,OVER,0.5649385355424906,0.06493853554249063,PASS,elastic_net,baseline
Sione Vaki,DET,rb_rush_yds,10.5,-113.0,-113.0,,2026,4,CAR,12.81444761008225,UNDER,0.5369923161361141,0.03699231613611409,PASS,elastic_net,baseline
AJ Dillon,CAR,rb_rush_yds,11.5,-113.0,-113.0,,2026,4,DET,11.574525320319985,UNDER,0.5962678375411636,0.09626783754116364,BET,elastic_net,baseline
Bryce Young,CAR,qb_rush_yds,12.5,-113.0,-113.0,,2026,4,DET,15.153482131673533,OVER,0.5141635489043292,0.014163548904329248,PASS,elastic_net,baseline
Amon-Ra St. Brown,DET,rec_yds,76.5,-113.0,-113.0,,2026,4,CAR,79.26507759111996,UNDER,0.5191625573146466,0.019162557314646556,PASS,elastic_net,baseline
Tetairoa McMillan,CAR,rec_yds,71.5,-113.0,-113.0,,2026,4,DET,47.148053346072984,UNDER,0.8758543126568042,0.37585431265680425,BET,elastic_net,baseline
Jameson Williams,DET,rec_yds,50.5,-113.0,-113.0,,2026,4,CAR,46.62096624772009,UNDER,0.6934855956397612,0.1934855956397612,BET,elastic_net,baseline
Chuba Hubbard,CAR,rec_yds,18.5,-113.0,-113.0,,2026,4,DET,16.824532017417134,UNDER,0.6500562332381694,0.1500562332381694,BET,elastic_net,baseline
Jahmyr Gibbs,DET,rec_yds,35.5,-113.0,-113.0,,2026,4,CAR,40.89847143455711,OVER,0.5681287308590709,0.0681287308590709,PASS,elastic_net,baseline
Brycen Tremayne,CAR,rec_yds,33.5,-113.0,-113.0,,2026,4,DET,16.493326881849512,UNDER,0.8302621334025435,0.3302621334025435,BET,elastic_net,baseline
John Metchie III,CAR,rec_yds,17.5,-113.0,-113.0,,2026,4,DET,24.018502175925978,OVER,0.59935980621161,0.09935980621161,BET,elastic_net,baseline
Isaac TeSlaa,DET,rec_yds,18.5,-113.0,-113.0,,2026,4,CAR,24.889306508026593,OVER,0.5952937105285925,0.09529371052859248,BET,elastic_net,baseline
Aidan Hutchinson,DET,sack_yes,0.5,,,-205.0,2026,4,CAR,0.5735900230336262,YES,0.5735900230336262,-0.09854112450735741,PASS,hist_gbc,enriched
Jaelan Phillips,CAR,sack_yes,0.5,,,120.0,2026,4,DET,0.3873703885010113,YES,0.3873703885010113,-0.06717506604444323,PASS,hist_gbc,enriched
Derrick Brown,CAR,sack_yes,0.5,,,225.0,2026,4,DET,0.24193995418255027,YES,0.24193995418255027,-0.06575235350975744,PASS,hist_gbc,enriched
Alim McNeill,DET,sack_yes,0.5,,,235.0,2026,4,CAR,0.35054524533669423,YES,0.35054524533669423,0.052037782650127096,PASS,hist_gbc,enriched
Princely Umanmielen,CAR,sack_yes,0.5,,,250.0,2026,4,DET,0.16822659193478526,YES,0.16822659193478526,-0.11748769377950044,PASS,hist_gbc,enriched
Derrick Barnes,DET,sack_yes,0.5,,,290.0,2026,4,CAR,0.15632702005419902,YES,0.15632702005419902,-0.10008323635605737,PASS,hist_gbc,enriched
Jack Campbell,DET,sack_yes,0.5,,,370.0,2026,4,CAR,0.14462111672734035,YES,0.14462111672734035,-0.06814484071946816,PASS,hist_gbc,enriched
Devin Lloyd,CAR,sack_yes,0.5,,,550.0,2026,4,DET,0.1476273631015301,YES,0.1476273631015301,-0.006218790744623753,PASS,hist_gbc,enriched
Tyleik Williams,DET,sack_yes,0.5,,,630.0,2026,4,CAR,0.1643606404580393,YES,0.1643606404580393,0.027374339088176297,PASS,hist_gbc,enriched
